<?xml version="1.0" encoding="UTF-8"?>
<project-private xmlns="http://www.netbeans.org/ns/project-private/1">
    <editor-bookmarks xmlns="http://www.netbeans.org/ns/editor-bookmarks/2" lastBookmarkId="0"/>
    <open-files xmlns="http://www.netbeans.org/ns/projectui-open-files/2">
        <group>
            <file>file:/media/hoald/6B4720E60A79C330/Practice/JavaDesktop/short2Simple/src/short2simple/Client.java</file>
            <file>file:/media/hoald/6B4720E60A79C330/Practice/JavaDesktop/short2Simple/src/short2simple/Data.java</file>
            <file>file:/media/hoald/6B4720E60A79C330/Practice/JavaDesktop/short2Simple/src/short2simple/Server.java</file>
            <file>file:/media/hoald/6B4720E60A79C330/Practice/JavaDesktop/short2Simple/src/short2simple/ShowImage.java</file>
        </group>
    </open-files>
</project-private>
